Execution ID, Attribute name, Shape D1, Shape D2, Shape D3
f0a1a544-c419-4b2a-bcc3-64c2bd1bd3fd, envelope, 200, 100, 100
ac3a5b41-2ab5-4370-9b81-d4bfed59eecb, envelope, 200, 100, 100
271a4a79-a5a1-4e58-af96-aaa1e643b473, envelope, 200, 100, 100
5713cd8d-6cb1-4915-92ae-debbaf559920, envelope, 200, 100, 100
8726e813-21b5-4a24-a6d9-ba6678d43a3a, envelope, 200, 100, 100
7ef5da51-99ac-4926-937a-21890fb266b0, envelope, 200, 100, 100
97df26ae-e0dd-4515-83ee-ff41864d6b5c, envelope, 200, 100, 100
900ad7c8-45b4-4132-9795-653189da9032, envelope, 200, 100, 100
f6bf505d-079d-4f4a-a0bb-42632c275a27, envelope, 200, 100, 100
2da87cc6-38ea-410d-9a79-8fab740a0997, envelope, 400, 100, 100
c14b16a9-ad3c-4448-ad2c-5d9290d7d47f, envelope, 400, 100, 100
c37e3b12-5f29-4eee-ba0e-3fcbd50cd711, envelope, 400, 100, 100
be9c5ec2-cfe2-471b-b39f-22b0850216da, envelope, 400, 100, 100
b078d08a-af34-4811-9d17-8ecb917d85af, envelope, 400, 100, 100
c0727569-09af-41f7-a617-db1827546111, envelope, 400, 100, 100
7172fe2d-2480-4f60-bd96-bada461874ac, envelope, 600, 100, 100
71253609-7803-437c-b40c-6a96e15f7c27, envelope, 600, 100, 100
29b171f5-3a46-41fe-bdd9-b2affb604f29, envelope, 600, 100, 100
91d5abd6-2175-4e92-bf6d-7256b68ef51b, envelope, 600, 100, 100
ec25f3be-8d1a-4ea9-acdb-1c7626d9daf9, envelope, 800, 100, 100
ff17bfb4-de90-4a68-854f-f6d7f3489d39, envelope, 1000, 100, 100
2c1fbba5-c8fd-4308-8560-4ba9a256bfae, gst3d, 200, 100, 100
06c00abf-32f9-4317-9db4-79e8017aeb0e, gst3d, 400, 100, 100
d02ba851-3f19-4ada-a3eb-47a189fb5b7d, gst3d, 600, 100, 100
c0f65a5f-45f8-4f7a-947c-7f835d267634, gst3d, 800, 100, 100
923536fb-4dbc-451e-b4ce-b3006c594fae, gst3d, 1000, 100, 100
f504b2cc-d7cc-45f5-ad48-43537131b1cd, semblance, 200, 100, 100
af8c7d9b-3497-4358-87da-8e9adbff7841, semblance, 200, 100, 100
4bb81220-4e09-4390-bb8f-a96992755dbc, semblance, 200, 100, 100
e01c75ca-2f5d-41b2-b791-443b1ee4d30b, semblance, 200, 100, 100
1b9f5496-6a61-450f-8a38-cd17759e9539, semblance, 200, 100, 100
b92e6161-1c8b-401e-8431-3a614ee082bb, semblance, 200, 100, 100
5cdd54ec-4383-4d72-aee2-74df49c70217, semblance, 200, 100, 100
e65ad2c3-2816-48f5-802c-c2b93fc0344f, semblance, 200, 100, 100
af6f2b81-1d65-4abb-8c11-7250454725f9, semblance, 200, 100, 100
efb91a67-c5c0-489c-837d-31c2be9eb06e, semblance, 200, 100, 100
fbfb10f5-26ab-43db-baef-8ca6655d5d25, semblance, 400, 100, 100
c4832696-6197-4a1a-bb8b-6cde021dda59, semblance, 400, 100, 100
f7c033e8-6f12-41ad-9c0e-58e6126b7d81, semblance, 400, 100, 100
e614a4f2-66cc-43b2-8475-2f948eaf41a1, semblance, 400, 100, 100
c32c5b83-4f32-4405-b2c4-ef61e2d62405, semblance, 400, 100, 100
0afcf74a-60bf-42d1-b4f7-28b58f5cef08, semblance, 400, 100, 100
4a9c7de7-09b3-4332-b1cc-f2946ac483f2, semblance, 400, 100, 100
a8d19f9e-6b78-4c8c-b78f-79a6f13563b5, semblance, 400, 100, 100
b3c7799f-50bb-4d08-aa55-efcc70d2319b, semblance, 400, 100, 100
caf687bb-1216-46b0-8960-ea0eeddc9bd1, semblance, 600, 100, 100
5030562b-6122-4222-b5be-2096c39d625b, semblance, 600, 100, 100
8eabf26c-7efd-4e19-94fa-586b071a77b7, semblance, 600, 100, 100
2c544d9e-78b3-49d4-9f4e-8fc6aff1997a, semblance, 600, 100, 100
bd17c205-7a26-4163-9db9-d7107e9bf837, semblance, 600, 100, 100
2654fde5-f6e8-4b93-9c4d-068bff4c6398, semblance, 600, 100, 100
fab6fd1b-b4c7-4164-a739-b8dd545a7487, semblance, 600, 100, 100
a38962d5-9383-4da7-9059-918bfcd75a86, semblance, 800, 100, 100
d9b770ad-50af-427d-a5b9-c5eee1839ee1, semblance, 800, 100, 100
bb89bf41-3065-4487-b054-5c830cbbd1d8, semblance, 800, 100, 100
9a97fd3e-ed56-40df-b02c-211d28a819f4, semblance, 800, 100, 100
170d4f75-0de3-47cd-bea9-2443bcf7ae66, semblance, 800, 100, 100
f5b88cd0-22a8-4794-a83a-c742e0d1efc8, semblance, 800, 100, 100
3ecb3088-f387-443c-8a8d-92c18bae5646, semblance, 800, 100, 100
acb6a689-6faf-4a47-8683-5c1eac7df090, semblance, 1000, 100, 100
18e14048-fa1a-4eb2-8842-2d497afa7e2c, semblance, 1000, 100, 100
16945190-44a9-4930-8370-655142f24cdc, semblance, 1000, 100, 100
3d7ef5f1-7d8f-4231-a38f-c619b2f92494, semblance, 1000, 100, 100
e7666ce0-ef85-4a73-b053-076b97dfd085, semblance, 1000, 100, 100
