Execution ID, Execution time
f0a1a544-c419-4b2a-bcc3-64c2bd1bd3fd, 2.148871660232544
ac3a5b41-2ab5-4370-9b81-d4bfed59eecb, 2.1875100135803223
271a4a79-a5a1-4e58-af96-aaa1e643b473, 2.279759407043457
5713cd8d-6cb1-4915-92ae-debbaf559920, 2.3129613399505615
8726e813-21b5-4a24-a6d9-ba6678d43a3a, 2.395090103149414
7ef5da51-99ac-4926-937a-21890fb266b0, 2.4589061737060547
97df26ae-e0dd-4515-83ee-ff41864d6b5c, 2.560112476348877
900ad7c8-45b4-4132-9795-653189da9032, 2.7822272777557373
2da87cc6-38ea-410d-9a79-8fab740a0997, 2.472573757171631
c14b16a9-ad3c-4448-ad2c-5d9290d7d47f, 2.513714551925659
c37e3b12-5f29-4eee-ba0e-3fcbd50cd711, 2.5903711318969727
be9c5ec2-cfe2-471b-b39f-22b0850216da, 2.6961894035339355
b078d08a-af34-4811-9d17-8ecb917d85af, 2.787564516067505
7172fe2d-2480-4f60-bd96-bada461874ac, 2.7251036167144775
71253609-7803-437c-b40c-6a96e15f7c27, 2.8608245849609375
29b171f5-3a46-41fe-bdd9-b2affb604f29, 2.955820322036743
f504b2cc-d7cc-45f5-ad48-43537131b1cd, 26.096623182296753
af8c7d9b-3497-4358-87da-8e9adbff7841, 25.495668411254883
4bb81220-4e09-4390-bb8f-a96992755dbc, 26.13431739807129
e01c75ca-2f5d-41b2-b791-443b1ee4d30b, 25.748159170150757
1b9f5496-6a61-450f-8a38-cd17759e9539, 25.60996174812317
b92e6161-1c8b-401e-8431-3a614ee082bb, 26.169653177261353
5cdd54ec-4383-4d72-aee2-74df49c70217, 25.46221089363098
e65ad2c3-2816-48f5-802c-c2b93fc0344f, 25.51941466331482
af6f2b81-1d65-4abb-8c11-7250454725f9, 25.362583875656128
fbfb10f5-26ab-43db-baef-8ca6655d5d25, 46.368520736694336
c4832696-6197-4a1a-bb8b-6cde021dda59, 46.629844188690186
f7c033e8-6f12-41ad-9c0e-58e6126b7d81, 47.210721015930176
e614a4f2-66cc-43b2-8475-2f948eaf41a1, 46.207860469818115
c32c5b83-4f32-4405-b2c4-ef61e2d62405, 48.57719874382019
0afcf74a-60bf-42d1-b4f7-28b58f5cef08, 45.643189907073975
4a9c7de7-09b3-4332-b1cc-f2946ac483f2, 46.82078289985657
a8d19f9e-6b78-4c8c-b78f-79a6f13563b5, 48.17772340774536
caf687bb-1216-46b0-8960-ea0eeddc9bd1, 69.54475569725037
5030562b-6122-4222-b5be-2096c39d625b, 71.04153943061829
8eabf26c-7efd-4e19-94fa-586b071a77b7, 69.15259599685669
2c544d9e-78b3-49d4-9f4e-8fc6aff1997a, 71.00966572761536
bd17c205-7a26-4163-9db9-d7107e9bf837, 67.63912010192871
2654fde5-f6e8-4b93-9c4d-068bff4c6398, 68.09747767448425
a38962d5-9383-4da7-9059-918bfcd75a86, 92.298095703125
d9b770ad-50af-427d-a5b9-c5eee1839ee1, 93.69700884819031
bb89bf41-3065-4487-b054-5c830cbbd1d8, 90.2316563129425
9a97fd3e-ed56-40df-b02c-211d28a819f4, 89.79789900779724
170d4f75-0de3-47cd-bea9-2443bcf7ae66, 97.57358074188232
f5b88cd0-22a8-4794-a83a-c742e0d1efc8, 95.4232017993927
acb6a689-6faf-4a47-8683-5c1eac7df090, 122.03218579292297
18e14048-fa1a-4eb2-8842-2d497afa7e2c, 119.41441512107849
16945190-44a9-4930-8370-655142f24cdc, 121.38038659095764
3d7ef5f1-7d8f-4231-a38f-c619b2f92494, 123.18601608276367
